{
  "news": [
    {
      "id": 1,
      "pic": "./images/8.png",
      "date": "2024-06-07",
      "title": "Скоро главный праздник весны!",
      "content": "Девушки любят, когда вкусно, красиво и натурально. Смотрите больше наборов с десертами ручной работы"
    },
    {
      "id": 2,
      "pic": "./images/8.png",
      "date": "2024-06-07",
      "title": "Конкурс на 23 февраля!",
      "content": "День Защитника Отечества уже совсем скоро! Порадуйте своего сладкоежку с помощью аппетитных наборов от МакаронШоп"
    },
    {
      "id": 3,
      "pic": "./images/23.png",
      "date": "2024-06-07",
      "title": "Экспресс-конкурс ко дню Святого Валентина",
      "content": "Подарок уже через 2 дня День всех влюблённых не за горами. Расскажи о своих чувствах с помощью сладкой валентинки от МакаронШоп"
    }
  ],
  "promotions": [
    {
      "id": 1,
      "src": "./images/white.svg",
      "indicator": "Бесплатная доставка",
      "tit": "По СПб в районе КАД  – от 3000₽ По МСК  – от 5000₽"
    },
    {
      "id": 2,
      "src": "./images/black.svg",
      "indicator": "Новинка",
      "tit": "Шоколадное пироженное Картошка на основе бисквита"
    },
    {
      "id": 3,
      "src": "./images/pink.svg",
      "indicator": "Новинка",
      "tit": "Аппетитные конфеты на основе миндального печенья и крема"
    },
    {
      "id": 4,
      "src": "./images/red.svg",
      "indicator": "Новинка",
      "tit": "Кармаель на палочке на основе натуральных ингридиентов"
    },
    {
      "id": 5,
      "src": "./images/white.svg",
      "indicator": "Бесплатная доставка",
      "tit": "По СПб в районе КАД  – от 3000₽ По МСК  – от 5000₽"
    },
    {
      "id": 6,
      "src": "./images/black.svg",
      "indicator": "Новинка",
      "tit": "Шоколадное пироженное Картошка на основе бисквита"
    },
    {
      "id": 7,
      "src": "./images/pink.svg",
      "indicator": "Новинка",
      "tit": "Аппетитные конфеты на основе миндального печенья и крема"
    },
    {
      "id": 8,
      "src": "./images/red.svg",
      "indicator": "Новинка",
      "tit": "Кармаель на палочке на основе натуральных ингридиентов"
    }
  ],
  "popularsets": [
    {
      "id": 1,
      "pic": "./images/redheart.svg",
      "name": "Сердце",
      "descript": "24 штуки в коробке в виде сердца. Ассорти из 6 вкусов",
      "price": "2800руб",
      "button": "В корзину"
    },
    {
      "id": 2,
      "pic": "./images/beauty.svg",
      "name": "Красота спасет мир",
      "descript": "Набор 16 шт. Вкусы: клубника - базилик, кокос, голубой сыр, пармезан",
      "price": "750руб",
      "button": "В корзину"
    },
    {
      "id": 3,
      "pic": "./images/circle.svg",
      "name": "Круглый набор",
      "descript": "40 макаронс в круглой коробке с персональной надписью",
      "price": "3900руб",
      "button": "В корзину"
    },
    {
      "id": 4,
      "pic": "./images/nine.svg",
      "name": "Набор на 9",
      "descript": "Набор из 9 штук в квадратной коробке. Вкусы: шоколад, фисташка, вишня",
      "price": "950руб",
      "button": "В корзину"
    },
    {
      "id": 5,
      "pic": "./images/sixteen.svg",
      "name": "Набор на 16",
      "descript": "Набор 16 шт. Вкусы: соленая карамель, голубой сыр, пармезан, шоколад ",
      "price": "1500руб",
      "button": "В корзину"
    },
    {
      "id": 6,
      "pic": "./images/redheart.svg",
      "name": "Сердце",
      "descript": "24 штуки в коробке в виде сердца. Ассорти из 6 вкусов ",
      "price": "2500руб",
      "button": "В корзину"
    },

    {
      "id": 7,
      "pic": "./images/happybday.svg",
      "name": "Набор-комбо с днем рождения",
      "descript": "3 макаронс + 4 эклера в коробке. Вкусы: ассорти",
      "price": "1190руб",
      "button": "В корзину"
    },
    {
      "id": 8,
      "pic": "./images/wedding2.svg",
      "name": "Подарочный набор ко дню Свадьбы",
      "descript": "12 макаронс в коробке. Вкусы: ассорти",
      "price": "1190руб",
      "button": "В корзину"
    },
    {
      "id": 9,
      "pic": "./images/easter.svg",
      "name": "Пасхальный набор макаронс",
      "descript": "20 штук в коробке. Вкусы: ассорти.",
      "price": "1190руб",
      "button": "В корзину"
    },
    {
      "id": 10,
      "pic": "./images/easter2.svg",
      "name": "Пасхальный набор “Светлой Пасхи”",
      "descript": "12 штук в коробке. Вкусы: ассорти.",
      "price": "1190руб",
      "button": "В корзину"
    }
  ]
}
